type;price;address;bedrooms;bathrooms;square footage;property type;Day(s) On Site:;Trustee Name:;Trustee Address:;Trustee City:;Trustee State:;Trustee Zip:;Trustee Phone:;Court Name:;Court Address:
PreforeclosureNEW;336731;Chamfort Dr Lexington SC 29072;4bed;2bath;2,400sqft.;Single-Family;1;;;;;;;;
Bankruptcy;Estimation Coming Soon;3rd Ave # 4 Lexington SC 29072;Bedrooms Coming Soon;Bathrooms Coming Soon;Square Footage Coming Soon;Property Type Coming Soon;7;DAWN M. HARDESTY;250 Berryhill Rd Ste 402;Columbia;SC;29210;(803) 779-5180;District SC, Division 3;1100 Laurel Street
Bankruptcy;518402;Mountain Laurel Ct Lexington SC 29072;3bed;3bath;2,774sqft.;Single-Family;14;JANET B. HAIGLER;PO Box 505;Chapin;SC;29036;(803) 261-9806;District SC, Division 3;1100 Laurel Street
Bankruptcy;270133;Spring Frost Dr Lexington SC 29072;Bedrooms Coming Soon;Bathrooms Coming Soon;Square Footage Coming Soon;Property Type Coming Soon;35;DAWN M. HARDESTY;250 Berryhill Rd Ste 402;Columbia;SC;29210;(803) 779-5180;District SC, Division 3;1100 Laurel Street
Preforeclosure;625500;Clear Springs Trl Lexington SC 29072;4bed;3bath;2,998sqft.;Single-Family;49;;;;;;;;
Bankruptcy;337528;Kellers Pond Ln Lexington SC 29072;3bed;2bath;1,923sqft.;Single-Family;3;DAWN M. HARDESTY;250 Berryhill Rd Ste 402;Columbia;SC;29210;(803) 779-5180;District SC, Division 3;1100 Laurel Street
Bankruptcy;418245;Hallmark Dr Lexington SC 29072;3bed;2.5bath;1,924sqft.;Single-Family;9;MICHELLE L. VIEIRA;PO Box 70399;Myrtle Beach;SC;29572;(843) 497-9800;District SC, Division 3;1100 Laurel Street
Preforeclosure;439451;Scarborough Way Lexington SC 29072;3bed;4bath;2,498sqft.;Single-Family;27;;;;;;;;
Preforeclosure;277525;Ashmore Ln Lexington SC 29072;4bed;3bath;2,088sqft.;Single-Family;49;;;;;;;;
Preforeclosure;293189;Horseshoe Trl Lexington SC 29072;5bed;4bath;2,532sqft.;Single-Family;49;;;;;;;;
PreforeclosureNEW;449283;Heritage Point Dr Simpsonville SC 29681;4bed;2.5bath;3,338sqft.;Single-Family;1;;;;;;;;
Preforeclosure;308890;Druid Hill Ct Simpsonville SC 29681;3bed;2bath;1,535sqft.;Single-Family;7;RILEY POPE AND LANEY LLC;2838 DEVINE STREET;COLUMBIA;SC;29205;(803) 799-9993;;
Bankruptcy;Estimation Coming Soon;Elmhaven Dr Simpsonville SC 29681;Bedrooms Coming Soon;Bathrooms Coming Soon;Square Footage Coming Soon;Property Type Coming Soon;16;JOHN K FORT;PO Box 669, 29356;Landrum;SC;29356;(864) 702-8113;District SC, Division 6;300 East Washington Street
Preforeclosure;336721;Kincade Dr Simpsonville SC 29681;3bed;2.5bath;1,748sqft.;Single-Family;19;TURNER PADGET GRAHAM and LANEY P A;200 East Broad Street Suite 250;GREENVILLE;SC;29602;(864) 552-4626;;
Preforeclosure;184140;Bethel Rd Simpsonville SC 29681;3bed;2bath;1,336sqft.;Single-Family;24;MCCABE TROTTER & BEVERLY;4500 Fort Jackson Blvd Ste 335;Columbia;SC;29209;(803) 724-5002;;
Preforeclosure;224912;Silver Brook Dr Simpsonville SC 29681;2bed;1.5bath;1,008sqft.;Single-Family;4;Brock & Scott;;;;;(910) 392-4988;;
Bankruptcy;443318;Foxhill Dr Simpsonville SC 29681;Bedrooms Coming Soon;Bathrooms Coming Soon;Square Footage Coming Soon;Property Type Coming Soon;7;JOHN K FORT;PO Box 669, 29356;Landrum;SC;29356;(864) 702-8113;District SC, Division 6;300 East Washington Street
Preforeclosure;Estimation Coming Soon;Sycamore Ridge Dr Simpsonville SC 29681;Bedrooms Coming Soon;Bathrooms Coming Soon;Square Footage Coming Soon;Property Type Coming Soon;19;HOLDER PADGETT LITTLEJOHN PRICKETT LLC;P O Box 1804;GREENVILLE;SC;29602;(864) 335-8808;;
Bankruptcy;495710;Lovelace Ct Simpsonville SC 29681;Bedrooms Coming Soon;Bathrooms Coming Soon;Square Footage Coming Soon;Property Type Coming Soon;23;JOHN K FORT;PO Box 669, 29356;Landrum;SC;29356;(864) 702-8113;District SC, Division 6;300 East Washington Street
Bankruptcy;Estimation Coming Soon;Roseridge Dr Simpsonville SC 29681;Bedrooms Coming Soon;Bathrooms Coming Soon;Square Footage Coming Soon;Property Type Coming Soon;31;JOHN K FORT;PO Box 669, 29356;Landrum;SC;29356;(864) 702-8113;District SC, Division 6;300 East Washington Street
Bankruptcy;252416;Stephanie Dr Goose Creek SC 29445;Bedrooms Coming Soon;Bathrooms Coming Soon;1,160sqft.;Single-Family;7;KEVIN CAMPBELL;PO Box 684;Mount Pleasant;SC;29465;(843) 884-6874;District SC, Division 2;145 King Street, Room 225
Preforeclosure;Estimation Coming Soon;Vango Dr Goose Creek SC 29445;Bedrooms Coming Soon;Bathrooms Coming Soon;2,333sqft.;Single-Family;9;SIMONS & DEAN;147 Wappoo Creek Dr;Charleston;SC;29412;(843) 762-9132;;
Preforeclosure;319871;Hearthstone Cir Goose Creek SC 29445;Bedrooms Coming Soon;Bathrooms Coming Soon;1,580sqft.;Single-Family;9;HUTCHENS LAW FIRM LLP;Po Box 8237;Columbia;SC;29202;(803) 726-2700;;
Preforeclosure;409067;Nandina Dr Goose Creek SC 29445;Bedrooms Coming Soon;Bathrooms Coming Soon;2,488sqft.;Single-Family;10;LAW FIRM CAROLINAS;1927 S Tryon St;Charlotte;NC;28203;(704) 970-1593;;
Bankruptcy;Estimation Coming Soon;Hallmark Dr Apt 531 Goose Creek SC 29445;Bedrooms Coming Soon;Bathrooms Coming Soon;Square Footage Coming Soon;Property Type Coming Soon;10;JAMES M. WYMAN;PO Box 997;Mount Pleasant;SC;29465;(843) 388-9844;District SC, Division 2;145 King Street, Room 225
Bankruptcy;287734;Foxborough Rd Goose Creek SC 29445;Bedrooms Coming Soon;Bathrooms Coming Soon;1,423sqft.;Single-Family;8;JAMES M. WYMAN;PO Box 997;Mount Pleasant;SC;29465;(843) 388-9844;District SC, Division 2;145 King Street, Room 225
Preforeclosure;Estimation Coming Soon;Vango Dr Goose Creek SC 29445;Bedrooms Coming Soon;Bathrooms Coming Soon;2,646sqft.;Single-Family;10;SIMONS & DEAN;147 Wappoo Creek Dr;Charleston;SC;29412;(843) 762-9132;;
Preforeclosure;Estimation Coming Soon;Sweet Olive Dr Goose Creek SC 29445;Bedrooms Coming Soon;Bathrooms Coming Soon;3,100sqft.;Single-Family;10;LAW FIRM CAROLINAS;1927 S Tryon St;Charlotte;NC;28203;(704) 970-1593;;
Preforeclosure;467221;Pagoda Tree Dr Goose Creek SC 29445;Bedrooms Coming Soon;Bathrooms Coming Soon;3,299sqft.;Single-Family;10;LAW FIRM CAROLINAS;1927 S Tryon St;Charlotte;NC;28203;(704) 970-1593;;
Preforeclosure;291364;Jean Wells Dr Goose Creek SC 29445;Bedrooms Coming Soon;Bathrooms Coming Soon;1,160sqft.;Single-Family;12;FINKEL LAW FIRM LLC;Po Box 71727;North Charleston;SC;29415;(843) 577-5460;;
PreforeclosureNEW;418993;Retriever Ln Summerville SC 29485;Bedrooms Coming Soon;Bathrooms Coming Soon;Square Footage Coming Soon;Single-Family;2;Brock & Scott;;;;;(910) 392-4988;;
Preforeclosure;400668;Savannah River Dr Summerville SC 29485;3bed;3bath;1,810sqft.;Single-Family;10;SCOTT AND CORLEY PA;1800 St Julian Pl Ste 407;Columbia;SC;29204;(803) 252-3340;;
Bankruptcy;405291;Arbor Oaks Dr Summerville SC 29485;Bedrooms Coming Soon;Bathrooms Coming Soon;Square Footage Coming Soon;Single-Family;14;JAMES M. WYMAN;PO Box 997;Mount Pleasant;SC;29465;(843) 388-9844;District SC, Division 2;145 King Street, Room 225
Preforeclosure;323001;Fletton Way Summerville SC 29485;Bedrooms Coming Soon;Bathrooms Coming Soon;Square Footage Coming Soon;Property Type Coming Soon;25;William S Koehler;;;;;(803) 828-0880;;
Preforeclosure;229786;Hope Dr Summerville SC 29485;3bed;1bath;1,034sqft.;Single-Family;25;RILEY POPE LANEY LLC;2838 Devine St;Columbia;SC;29205;(803) 799-9993;;
Preforeclosure;304663;Eagle Ridge Rd Summerville SC 29485;3bed;2bath;1,223sqft.;Single-Family;10;HUTCHENS LAW FIRM LLP;Po Box 8237;Columbia;SC;29202;(803) 726-2700;;
Bankruptcy;314025;Fieldstone Trce Summerville SC 29485;Bedrooms Coming Soon;Bathrooms Coming Soon;Square Footage Coming Soon;Single-Family;13;JAMES M. WYMAN;PO Box 997;Mount Pleasant;SC;29465;(843) 388-9844;District SC, Division 2;145 King Street, Room 225
Preforeclosure;Estimation Coming Soon;Rosefield Ct Summerville SC 29485;3bed;3bath;1,436sqft.;Townhome;20;BELL CARRINGTON PRICE & GREGG LLC;339 Heyward St 2 Nd Floor;Columbia;SC;29201;(803) 509-5078;;
Preforeclosure;452482;Ashley Bluffs Rd Summerville SC 29485;Bedrooms Coming Soon;4bath;2,953sqft.;Single-Family;25;HUTCHENS LAW FIRM LLP;Po Box 8237;Columbia;SC;29202;(803) 726-2700;;
Preforeclosure;398513;Fairington Dr Summerville SC 29485;4bed;3bath;1,913sqft.;Single-Family;34;ROGERS TOWNSEND LLC;1221 Main St 14 Th Floor Po Box 100200;Columbia;SC;29201;(803) 744-4444;;
Preforeclosure;512600;Granville Rd Rock Hill SC 29732;Bedrooms Coming Soon;2bath;2,384sqft.;Single-Family;9;RILEY POPE LANEY LLC;2838 Devine St;Columbia;SC;29205;(803) 799-9993;;
Preforeclosure;377594;Plantation Hills Dr Rock Hill SC 29732;Bedrooms Coming Soon;2bath;1,995sqft.;Single-Family;12;ROBERTSON ANSCHUTZ SCHNEID CRANE & PARTNERS PLLC;651 Brookfield Pkwy;Greenville;SC;29607;(470) 321-7112;;
Bankruptcy;400308;Barney Rhett Cir Rock Hill SC 29732;Bedrooms Coming Soon;Bathrooms Coming Soon;Square Footage Coming Soon;Single-Family;12;JANET B. HAIGLER;PO Box 505;Chapin;SC;29036;(803) 261-9806;District SC, Division 6;300 East Washington Street
Bankruptcy;701029;Landry Ln Rock Hill SC 29732;Bedrooms Coming Soon;Bathrooms Coming Soon;Square Footage Coming Soon;Property Type Coming Soon;22;GRETCHEN D. HOLLAND;3449 Pelham Rd Ste C;Greenville;SC;29615;(864) 242-0314;District SC, Division 6;300 East Washington Street
Preforeclosure;Estimation Coming Soon;Hancock Union Ln Rock Hill SC 29732;Bedrooms Coming Soon;1bath;1,200sqft.;Single-Family;25;SELLERS AYERS DORTCH & LYONS PA;301 S Mcdowell St;Charlotte;NC;28204;(704) 377-5050;;
Bankruptcy;369930;Forest Hills Cir Rock Hill SC 29732;Bedrooms Coming Soon;Bathrooms Coming Soon;Square Footage Coming Soon;Single-Family;10;GRETCHEN D. HOLLAND;3449 Pelham Rd Ste C;Greenville;SC;29615;(864) 242-0314;District SC, Division 6;300 East Washington Street
Preforeclosure;288307;Walnut Hill Dr Rock Hill SC 29732;Bedrooms Coming Soon;3bath;1,607sqft.;Single-Family;12;LAW FIRM CAROLINAS;1927 S Tryon St;Charlotte;NC;28203;(704) 970-1593;;
Bankruptcy;Estimation Coming Soon;Ebinport Rd Rock Hill SC 29732;Bedrooms Coming Soon;Bathrooms Coming Soon;Square Footage Coming Soon;Property Type Coming Soon;14;JANET B. HAIGLER;PO Box 505;Chapin;SC;29036;(803) 261-9806;District SC, Division 6;300 East Washington Street
Preforeclosure;385868;White Ridge Dr Rock Hill SC 29732;Bedrooms Coming Soon;2bath;1,653sqft.;Single-Family;24;BROCK & SCOTT PLLC;3800 Fernandina Rd;Columbia;SC;29210;(803) 454-3540;;
Foreclosure;122762;Mount Gallant Rd Rock Hill SC 29732;Bedrooms Coming Soon;Bathrooms Coming Soon;Square Footage Coming Soon;Single-Family;25;;;;;;;;
PreforeclosureNEW;Estimation Coming Soon;Meadow Wood Rd Summerville SC 29483;Bedrooms Coming Soon;Bathrooms Coming Soon;Square Footage Coming Soon;Property Type Coming Soon;2;Brock & Scott;;;;;(910) 392-4988;;
Bankruptcy;388516;Curico Ln Summerville SC 29483;Bedrooms Coming Soon;Bathrooms Coming Soon;Square Footage Coming Soon;Single-Family;4;JAMES M. WYMAN;PO Box 997;Mount Pleasant;SC;29465;(843) 388-9844;District SC, Division 2;145 King Street, Room 225
Bankruptcy;Estimation Coming Soon;Akeley Ln Summerville SC 29483;Bedrooms Coming Soon;Bathrooms Coming Soon;Square Footage Coming Soon;Property Type Coming Soon;7;JAMES M. WYMAN;PO Box 997;Mount Pleasant;SC;29465;(843) 388-9844;District SC, Division 2;145 King Street, Room 225
Bankruptcy;279037;Wilson Dr Summerville SC 29483;Bedrooms Coming Soon;Bathrooms Coming Soon;Square Footage Coming Soon;Single-Family;8;JAMES M. WYMAN;PO Box 997;Mount Pleasant;SC;29465;(843) 388-9844;District SC, Division 2;145 King Street, Room 225
Preforeclosure;369679;Scrapbook Ln Summerville SC 29483;4bed;3bath;2,548sqft.;Single-Family;10;SIMONS & DEAN;147 Wappoo Creek Dr;Charleston;SC;29412;(843) 762-9132;;
BankruptcyNEW;209171;Royle Rd Summerville SC 29483;Bedrooms Coming Soon;Bathrooms Coming Soon;Square Footage Coming Soon;Property Type Coming Soon;2;JAMES M. WYMAN;PO Box 997;Mount Pleasant;SC;29465;(843) 388-9844;District SC, Division 2;145 King Street, Room 225
Bankruptcy;Estimation Coming Soon;Wappoolah Dr Summerville SC 29483;Bedrooms Coming Soon;Bathrooms Coming Soon;Square Footage Coming Soon;Property Type Coming Soon;6;KENNETH KIRSCHENBAUM;200 Garden City Plz Ste 315;Garden City;NY;11530;(516) 747-6700;District NYE, Division 8;290 Federal Plaza
Bankruptcy;Estimation Coming Soon;Bethpage Ct Summerville SC 29483;Bedrooms Coming Soon;Bathrooms Coming Soon;Square Footage Coming Soon;Property Type Coming Soon;8;JAMES M. WYMAN;PO Box 997;Mount Pleasant;SC;29465;(843) 388-9844;District SC, Division 2;145 King Street, Room 225
Preforeclosure;190391;Yorkshire Dr Summerville SC 29483;3bed;2bath;1,279sqft.;Single-Family;10;HUTCHENS LAW FIRM LLP;Po Box 8237;Columbia;SC;29202;(803) 726-2700;;
Preforeclosure;813296;Oak Village Ln Summerville SC 29483;Bedrooms Coming Soon;4bath;3,264sqft.;Single-Family;10;CHARPIA & HAMMES;215 W 2 Nd South St;Summerville;SC;29483;(843) 261-7026;;
Preforeclosure;308117;Ellison Dr Rock Hill SC 29730;Bedrooms Coming Soon;Bathrooms Coming Soon;Square Footage Coming Soon;Single-Family;4;Brock & Scott;;;;;(910) 392-4988;;
Preforeclosure;129339;S Wilson St Rock Hill SC 29730;Bedrooms Coming Soon;2bath;1,344sqft.;Single-Family;10;HUTCHENS LAW FIRM LLP;Po Box 8237;Columbia;SC;29202;(803) 726-2700;;
Bankruptcy;216033;Capel Ct Rock Hill SC 29730;Bedrooms Coming Soon;Bathrooms Coming Soon;Square Footage Coming Soon;Single-Family;15;JENNY P. HOLMAN;3800 Arco Corporate Dr Ste 510;Charlotte;NC;28273;(704) 372-9650;District NCW, Division 3;401 West Trade Street, Suite 2500
Bankruptcy;Estimation Coming Soon;Springdale Rd Apt 105 Rock Hill SC 29730;Bedrooms Coming Soon;Bathrooms Coming Soon;Square Footage Coming Soon;Property Type Coming Soon;20;JOHN K FORT;PO Box 669, 29356;Landrum;SC;29356;(864) 702-8113;District SC, Division 6;300 East Washington Street
Bankruptcy;Estimation Coming Soon;Patriot Pkwy # 228 Rock Hill SC 29730;Bedrooms Coming Soon;Bathrooms Coming Soon;Square Footage Coming Soon;Property Type Coming Soon;23;GEORGE F. SANDERSON;PO Box 6130;Raleigh;NC;27628;(984) 867-9300;District NCE, Division 5;300 Fayetteville Street, 4th Floor
Preforeclosure;Estimation Coming Soon;Riverwalk Pkwy Rock Hill SC 29730;Bedrooms Coming Soon;4bath;2,746sqft.;Single-Family;10;THE MCINTOSH LAW FIRM PC;Po Box 2270;Davidson;NC;28036;(704) 892-1699;;
Bankruptcy;378038;Williford Woods Ln Rock Hill SC 29730;Bedrooms Coming Soon;Bathrooms Coming Soon;Square Footage Coming Soon;Single-Family;13;GRETCHEN D. HOLLAND;3449 Pelham Rd Ste C;Greenville;SC;29615;(864) 242-0314;District SC, Division 6;300 East Washington Street
Foreclosure;123628;Flint Hill St Rock Hill SC 29730;Bedrooms Coming Soon;Bathrooms Coming Soon;Square Footage Coming Soon;Single-Family;17;;;;;;;;
Bankruptcy;340155;Neely Store Rd Rock Hill SC 29730;Bedrooms Coming Soon;Bathrooms Coming Soon;Square Footage Coming Soon;Single-Family;21;JOHN K FORT;PO Box 669, 29356;Landrum;SC;29356;(864) 702-8113;District SC, Division 6;300 East Washington Street
Foreclosure;52224;Oates St Rock Hill SC 29730;Bedrooms Coming Soon;Bathrooms Coming Soon;Square Footage Coming Soon;Land;25;;;;;;;;
BankruptcyNEW;Estimation Coming Soon;Cripple Creek Rd Greer SC 29651;Bedrooms Coming Soon;Bathrooms Coming Soon;Square Footage Coming Soon;Property Type Coming Soon;2;JANET B. HAIGLER;PO Box 505;Chapin;SC;29036;(803) 261-9806;District SC, Division 6;300 East Washington Street
Preforeclosure;475450;E Airport Rd Greer SC 29651;4bed;2bath;3,668sqft.;Single-Family;41;BROCK & SCOTT PLLC;3800 Fernandina Rd;Columbia;SC;29210;(803) 454-3540;;
Bankruptcy;239280;Cannon Ave Greer SC 29651;2bed;1.5bath;1,268sqft.;Single-Family;43;GRETCHEN D. HOLLAND;3449 Pelham Rd Ste C;Greenville;SC;29615;(864) 242-0314;District SC, Division 6;300 East Washington Street
Foreclosure;Estimation Coming Soon;Wood Rd Greer SC 29651;Bedrooms Coming Soon;Bathrooms Coming Soon;Square Footage Coming Soon;Land;45;;;;;;;;
Preforeclosure;163413;Reidville Rd Greer SC 29651;2bed;1bath;1,344sqft.;Single-Family;49;RILEY POPE LANEY LLC;2838 Devine St;Columbia;SC;29205;(803) 799-9993;;
Preforeclosure;259700;Beauregard Ct Greer SC 29651;3bed;2.5bath;1,570sqft.;Single-Family;38;HUTCHENS LAW FIRM LLP;P O BOX 8237;COLUMBIA;SC;29202;(803) 726-2700;;
Preforeclosure;474136;Montclair Rd Greer SC 29651;4bed;3bath;2,706sqft.;Single-Family;41;SCOTT AND CORLEY PA;2712 Middleburg Dr;Columbia;SC;29204;(803) 252-3340;;
Foreclosure;Estimation Coming Soon;Ct Greer SC 29651;Bedrooms Coming Soon;Bathrooms Coming Soon;Square Footage Coming Soon;Land;45;;;;;;;;
Foreclosure;Estimation Coming Soon;Way Greer SC 29651;Bedrooms Coming Soon;Bathrooms Coming Soon;Square Footage Coming Soon;Land;45;;;;;;;;
Bankruptcy;102850;Pink Dill Mill Rd Greer SC 29651;Bedrooms Coming Soon;Bathrooms Coming Soon;Square Footage Coming Soon;Single-Family;51;GRETCHEN D. HOLLAND;3449 Pelham Rd Ste C;Greenville;SC;29615;(864) 242-0314;District SC, Division 6;300 East Washington Street
BankruptcyNEW;Estimation Coming Soon;Fanciful Way Myrtle Beach SC 29588;Bedrooms Coming Soon;Bathrooms Coming Soon;Square Footage Coming Soon;Property Type Coming Soon;2;JAMES M. WYMAN;PO Box 997;Mount Pleasant;SC;29465;(843) 388-9844;District SC, Division 2;145 King Street, Room 225
Preforeclosure;Estimation Coming Soon;Tall Oaks Ct Myrtle Beach SC 29588;Bedrooms Coming Soon;Bathrooms Coming Soon;0sqft.;Property Type Coming Soon;10;JOYE NAPPIER RISHER & HARDIN;3575 Highway 17 Business;Murrells Inlet;SC;29576;(843) 357-6454;;
Preforeclosure;337198;Barrington Ln Myrtle Beach SC 29588;3bed;2bath;2,010sqft.;Single-Family;10;JOYE NAPPIER RISHER & HARDIN;3575 Highway 17 Business;Murrells Inlet;SC;29576;(843) 357-6454;;
Preforeclosure;317854;Black Bear Rd Myrtle Beach SC 29588;3bed;2bath;1,666sqft.;Single-Family;10;LONG BAY LAW INC;1800 N Oak St;Myrtle Beach;SC;29577;(843) 448-4246;;
Preforeclosure;333513;Amberwood Ct Myrtle Beach SC 29588;Bedrooms Coming Soon;1bath;0sqft.;Mobile Home;12;HUTCHENS LAW FIRM LLP;Po Box 8237;Columbia;SC;29202;(803) 726-2700;;
Bankruptcy;370078;Capulet Cir Myrtle Beach SC 29588;4bed;3bath;2,188sqft.;Single-Family;7;JAMES M. WYMAN;PO Box 997;Mount Pleasant;SC;29465;(843) 388-9844;District SC, Division 2;145 King Street, Room 225
Preforeclosure;345892;Blue Stem Dr Myrtle Beach SC 29588;3bed;2bath;1,500sqft.;Single-Family;10;MCCUTCHEN VAUGHT GEDDIE & HUCKS PA;4610 Oleander Dr;Myrtle Beach;SC;29577;(843) 497-0133;;
Preforeclosure;275345;Reef Rd Myrtle Beach SC 29588;Bedrooms Coming Soon;1bath;0sqft.;Mobile Home;10;HUTCHENS LAW FIRM LLP;Po Box 8237;Columbia;SC;29202;(803) 726-2700;;
Bankruptcy;Estimation Coming Soon;Gladiola Ct Unit 103 Myrtle Beach SC 29588;Bedrooms Coming Soon;Bathrooms Coming Soon;Square Footage Coming Soon;Property Type Coming Soon;10;JAMES M. WYMAN;PO Box 997;Mount Pleasant;SC;29465;(843) 388-9844;District SC, Division 2;145 King Street, Room 225
Bankruptcy;Estimation Coming Soon;Fanciful Way Myrtle Beach SC 29588;Bedrooms Coming Soon;Bathrooms Coming Soon;Square Footage Coming Soon;Property Type Coming Soon;14;JAMES M. WYMAN;PO Box 997;Mount Pleasant;SC;29465;(843) 388-9844;District SC, Division 2;145 King Street, Room 225
BankruptcyNEW;Estimation Coming Soon;Forest Dr Apt A Lancaster SC 29720;Bedrooms Coming Soon;Bathrooms Coming Soon;Square Footage Coming Soon;Property Type Coming Soon;2;MICHELLE L. VIEIRA;PO Box 70399;Myrtle Beach;SC;29572;(843) 497-9800;District SC, Division 3;1100 Laurel Street
Bankruptcy;Estimation Coming Soon;Logging Rd Lancaster SC 29720;Bedrooms Coming Soon;Bathrooms Coming Soon;Square Footage Coming Soon;Property Type Coming Soon;7;ANNEMARIE BELANGER MATHEWS;3700 Forest Dr Ste 302;Columbia;SC;29204;(803) 254-2981;District SC, Division 3;1100 Laurel Street
Preforeclosure;Estimation Coming Soon;14th St Lancaster SC 29720;Bedrooms Coming Soon;1bath;1,166sqft.;Single-Family;10;HUTCHENS LAW FIRM LLP;Po Box 8237;Columbia;SC;29202;(803) 726-2700;;
Preforeclosure;403147;Ridgehaven Rd Lancaster SC 29720;Bedrooms Coming Soon;3bath;3,274sqft.;Single-Family;25;SELLERS AYERS DORTCH & LYONS PA;301 S Mcdowell St;Charlotte;NC;28204;(704) 377-5050;;
Bankruptcy;73000;Bon Rea Dr Lancaster SC 29720;Bedrooms Coming Soon;Bathrooms Coming Soon;Square Footage Coming Soon;Property Type Coming Soon;28;ANNEMARIE BELANGER MATHEWS;3700 Forest Dr Ste 302;Columbia;SC;29204;(803) 254-2981;District SC, Division 3;1100 Laurel Street
Preforeclosure;980123;E Rebound Rd Lancaster SC 29720;Bedrooms Coming Soon;Bathrooms Coming Soon;Square Footage Coming Soon;Single-Family;4;Brock & Scott;;;;;(910) 392-4988;;
Bankruptcy;85094;Oakridge Rd Lancaster SC 29720;Bedrooms Coming Soon;2bath;Square Footage Coming Soon;Single-Family;8;JENNY P. HOLMAN;3800 Arco Corporate Dr Ste 510;Charlotte;NC;28273;(704) 372-9650;District NCW, Division 3;401 West Trade Street, Suite 2500
Preforeclosure;242924;Georgetown Rd Lancaster SC 29720;Bedrooms Coming Soon;2bath;1,464sqft.;Single-Family;10;HUTCHENS LAW FIRM LLP;Po Box 8237;Columbia;SC;29202;(803) 726-2700;;
Preforeclosure;160965;Shiloh Unity Rd Lancaster SC 29720;Bedrooms Coming Soon;1bath;1,000sqft.;Single-Family;25;ROGERS TOWNSEND LLC;1221 Main St 14 Th Floor Po Box 100200;Columbia;SC;29201;(803) 744-4444;;
Bankruptcy;264430;Bardell St Lancaster SC 29720;Bedrooms Coming Soon;2bath;Square Footage Coming Soon;Single-Family;29;MICHELLE L. VIEIRA;PO Box 70399;Myrtle Beach;SC;29572;(843) 497-9800;District SC, Division 3;1100 Laurel Street
